{
    "structure": "[ 27, 4 ]",
    "generators": 3,
    "representations": 2,
    "matrices": [
        [
            "(0,0) (1,0) (0,0) (0,0) (0,0) (1,0) (-0.5,0.8660254) (0,0) (0,0)",
            "(1,0) (0,0) (0,0) (0,0) (-0.5,-0.8660254) (0,0) (0,0) (0,0) (-0.5,0.8660254)",
            "(-0.5,0.8660254) (0,0) (0,0) (0,0) (-0.5,0.8660254) (0,0) (0,0) (0,0) (-0.5,0.8660254)"
        ],
        [
            "(0,0) (1,0) (0,0) (0,0) (0,0) (1,0) (-0.5,-0.8660254) (0,0) (0,0)",
            "(1,0) (0,0) (0,0) (0,0) (-0.5,0.8660254) (0,0) (0,0) (0,0) (-0.5,-0.8660254)",
            "(-0.5,-0.8660254) (0,0) (0,0) (0,0) (-0.5,-0.8660254) (0,0) (0,0) (0,0) (-0.5,-0.8660254)"
        ]
    ]
}